permalink,Text,relevance
1263329400,сигары,1.0
228111266197,кальянная спб мероприятия,0.0
1247255817,Эпиляция,1.0
201938477844,спортзал где 1 занятие бесплатно,0.1
1074529324,стиральных машин,0.0
1219173871,сеть быстрого питания,1.0
10404163869,где в ростове на дону на северном можно сделать мрт,0.0
90012870962,аэс,1.0
1552298395,Купить торт,0.0
1251893227,где в рязани можно купить бутафорские деньги,0.0
238310724487,где в Астрахани сделать фото радужки глаза,0.0
127861447693,белорусские кухни зов в москве официальный сайт каталог цены,0.0
157998496135,Паста,0.0
1342020094,производители холодильного оборудования в москве и московской области,0.0
1281392839,Катетеры баллонные дилатационные купить,1.0
1003889534,онлайн страховка,1.0
1424952837,где в рязани можно купить бутафорские деньги,0.0
103814690707,натариус,1.0
16671092296,итальянские рестораны москвы,1.0
1023322799,палаты в москве доступные для посещения,0.0
99659492422,прием макулатуры рязань,0.0
1326334308,займ микробанки.рф @спб,0.0
1536720670,Прачечная,1.0
45560155729,вегетарианские кафе в москве,0.0
191911060743,автомагазин грузовых запчастей.,0.0
121744430118,солярий,1.0
30894893511,Лом черных и цветных металлов,1.0
56786709858,мильгамма уколы купить в коврове,0.0
1056777266,где поесть пельменей,0.0
87124050946,hjlf. ljv,0.0
1165454520,реестр аккредитованных экспертных организаций,1.0
178707014718,Еврейская автономная область имплантация зубов,1.0
124084146598,знаменитые кафе и рестораны санкт-петербурга,1.0
1029365830,минздрав,1.0
229757930340,магазин автокрасок,1.0
147493565220,Кулинарная лавка белый хлеб,0.0
1211237353,новогодняя ночь в москве 2018 рестораны с программой,0.0
51133035864,кафе м 5 Беляево,0.1
1476606494,прием пластика рябиновая,0.0
1041138720,китайский посольство,1.0
1134393059,цитрум,0.0
35528407986,колледж по специальности 09.03.04 в набережных челнах,0.0
100926925154,как связаться с юристом бесплатно по телефону,1.0
1004692975,фнс россии официальный сайт,1.0
4395640777,недорогие кафе в суздале,1.0
52446822673,обмен валюты уфа,0.0
157448421235,топ грузинских ресторанов москвы,1.0
1156200471,стоянка для такси,1.0
161415387632,адрес налоговой инспекции по адресу проживания,1.0
33978389075,мойка самообслуживания,1.0
121697009105,петарды и салют на 2022,1.0
1011674352,недорого покушать в шереметьево,1.0
64103888544,флюорография елизаровская,0.0
118079732130,рестораны суши в ростове на дону,0.1
1041886455,ремонт бытовой техники в красноярске,0.0
1095539541,ремонт варочной поверхности,0.0
93971025375,доставка алкогольной продукции на дом курьером,1.0
167291039852,мясной ресторан на рубинштейна,1.0
152456754668,хороший грузинский ресторан,1.0
1014066924,магазин в лапландии в кемерово,0.0
1074430026,ленинский суд,1.0
94066354321,санкт-петербург грузинский ресторан,1.0
1110469127,недорогие рестораны москвы рейтинг,1.0
117550343910,работа в орле без опыта работы,0.0
1005757063,гбоу,1.0
25596558306,елабуга степ аэробика,0.0
89736585578,детский спортивный комплекс рф,0.0
71601743835,отель на час,1.0
1382987641,компьютерная диагностика двигателя,1.0
1713765899,компьютерный колледж,0.0
1021713340,пионер газовый пистолет цена,0.0
159805226061,дежурная стоматология севастополь,0.0
130808249272,сервисный центр and в москве ремонт тонометров адреса,0.0
221271369905,автосервисы шиномонтаж,1.0
177693818075,соколов ювелирныи,0.0
1268012807,вегетарианское кафе,0.0
1059943808,разборка в тихвине,0.0
188660431376,аэс,1.0
27461999217,итальянский ресторан на ул строителей,0.1
1040475875,пивной ресторан на фрунзенской,1.0
35126583818,Все психоневрологические диспансеры,1.0
162777871863,где в ярославле вкусно и недорого поесть,1.0
205372577004,места отдыха смоленская область,1.0
53103919862,еврейский ресторан на рубинштейна,0.0
229452334358,автосервисы шиномонтаж,1.0
68598278193,офрмление шарами алтуфьево,0.0
43970823569,суши бар в белгороде,1.0
1737958850,мясной ресторан в москве,1.0
1733284913,где заказать суши в рязани отзывы,0.0
1138633086,"Россия, Республика Крым, городской округ Феодосия, село Береговое, гостевые дома",1.0
1160345328,рестораны в центре москвы недорого,1.0
1286862313,прокат лыж сноубордов,1.0
1230962813,лучший грузинский ресторан спб,1.0
111745564445,где снять деньги с карты альфа банка без комиссии,1.0
1022244769,детская стомотология,1.0
197224926360,рестораны москвы с панорамным видом москва,1.0
144248797039,РЭС,1.0
240403205563,японские кафе,1.0
166073734206,Макларен казахстан,1.0
244042867542,секен хенд,1.0
87009302774,БАССЕЙН ДЕТ САД,1.0
1716856213,оптовые компании бытовой химии,0.0
1102813333,пропан агзс,0.0
95662065491,изготовление дубликатов ключей на буденновском ростов-на-дону,1.0
132030421854,метановая заправка орехово зуево,0.0
38834137405,где можно дешево поесть в санкт-петербурге на невском проспекте,1.0
60230485961,ремонт радиаторов автокондиционера москва ювао электродная ул,0.0
1757246009,центр обслуживания населения,1.0
1774480604,фермерские,1.0
84503469104,автосервисы шиномонтаж,0.1
100691482452,кафе роллы рязань,0.0
1049424901,показания печени на узи,1.0
16128592710,купить женскую одежду юзао москва,1.0
1234426978,для отелей,0.1
35266366505,баллон углекислотный 10 л,1.0
221017321751,подушка двигатель газ 53 нижний,0.0
142463878677,пивные рестораны барнаул,0.1
74989981688,суши,1.0
1341287556,Итальянская кухня,1.0
1580312001,гб 5 сайт платных услуг,1.0
172476100615,Аптеки круглосуточная,0.0
198608715858,вино во французском ресторане,1.0
1054463912,кожно-венерологический диспансер спб,0.0
102000119423,Жилищную инспекцию по нао,0.0
1267748078,стерилизация кошки дома телефон тверь,0.0
117198641378,школа танцев мо Москва и Московская область,0.0
87378959858,перманентное глянцевание ногтей p.shine отзывы,0.0
108842531028,mastercard securecode как подключить,0.0
178726643182,психиатрическая больница,1.0
20787755855,поставить металлокерамику на передние зубы,1.0
124539922410,сход развал круглосуточно,1.0
162478297724,больница на против,0.0
89580496920,межкомнатные двери из стекловолокна,0.0
210478826581,где поесть ночью в екатеринбурге,0.0
94903120802,магазин автокрасок,1.0
1562411333,компьютерный колледж,0.0
1107877667,черёмушкинский больница,0.0
242758534627,новостройки сдача в 2018,1.0
1530843883,завод вторчермет,1.0
87586741015,заправка картриджей,1.0
1045488679,магазин автозапчасти маз,0.0
219462193872,автомойка самообслуживания на пермякова тюмень,0.0
1306463867,"футбольный экипировочный центр СПб, ул бутлерова, 11",0.0
178061961996,где можно вкусно и недорого поесть в санкт-петербурге в центре,1.0
36954233127,лагерь,1.0
62221695667,ближайшая гзс,1.0
17943669173,пицца кострома,0.0
1337860720,шевроле борисовские пруды,0.0
1206735187,пельмени да борщи,0.0
40637381925,ремонт джойстиков ps4,0.0
133055997875,суздаль кафе и рестораны недорого,1.0
1335729456,банк,1.0
1245038450,образование чебоксары мбдоу,0.0
1696508372,кольцово аэропорт сваровски,0.0
52897090480,аптека в барсе рязань на есенина,0.0
1724800998,китайский ресторан в санкт-петербурге на невском,0.0
228625036607,Чайхана,1.0
1657575327,вет аптека,1.0
1126168735,магазин бассейнрв,1.0
58618008763,мотель,0.1
241471056096,шатер для свадьбы,0.0
1009388706,ремонт цсм,0.0
98347351407,магазин кальянов,1.0
1267136846,разливное пиво,1.0
208288523800,База обслуживания ЖКХ,1.0
32780246173,автосалон киа,1.0
110124517320,масажни салон,1.0
1246558270,ведущие гор. ижевска,0.0
231320475579,уфа покушать вкусно и недорого,1.0
1051506384,пункты отправки через юлу в городе кинешма,0.0
1044554849,детский садик солнышко,1.0
36224863469,замена рулевых наконечников лада калина 1,1.0
1724669439,автосервис по кузовному ремонту томск,0.0
155019621195,банки Владимира,0.0
89585172906,www.pfrf.ru,1.0
1148837837,Кузовной ремонт,1.0
1341563578,ресторан с еврейской кухней в москве,0.0
1914788128,продукты 24 часа,1.0
2364390942,автомойки самообслуживания,0.1
230210470047,где отметить день рождения в москве недорого,0.0
231205145206,Магазины пива,1.0
1447441590,компрессионный трикотаж в ижевске купить,0.0
201584390307,Шиномонтаж дешево,1.0
103454005525,автосалон ауди омск,0.0
221512934021,хромосомный микроматричный анализ в инвитро,1.0
77570205174,крупнейшие туроператоры россии,1.0
145654404334,чистка лица,1.0
1098662265,мрт в люберцах,0.0
111153891933,ремонт сигнализации в вологде,0.0
8521767710,стриптизклубы,1.0
1780866297,www.pfrf.ru,1.0
1101267990,тампопечать,0.0
143870666133,мишлен рестораны в москве,0.0
1090735552,Инспекция транспорта,0.0
1226818996,купить окна пластиковые цены Okna-plastikovye.spb.ru,1.0
139035266170,купить дом в алтайском,0.0
1084628811,почта россии сколько берется наложенный платеж,0.0
196541172453,тонировка авто в хабаровске цены,0.0
91002332562,общежитие для ординаторов москва,0.0
54591228705,вода доставка ростов на дону,0.0
99677820319,компании по приемке квартир в новостройке спб,0.0
21034465983,страховые компании здоровье мотоцикл,1.0
145811841602,кафе грузинской кухни в москве,1.0
1170297731,обучение на флот механик моторист москва,0.0
1307435596,прокат внедорожника с огромными колеса?,0.0
189139545698,Стоматологическая клиника,1.0
175568295574,ремонт тельферов в москве,0.0
1539621542,узи беременных,1.0
1055875069,все мед вузы рб,1.0
1813625492,наоменко узи,0.0
1196391245,военная больница,0.1
100729235651,чаевые планшета суши Новосибирск,0.0
1264778188,банк,1.0
1102619543,онкодиспансер,0.0
154173007055,робототехника подольск,0.0
1393290590,летнее кафе,1.0
1082017741,покрыть фары лаком и отполировать в спб цена,0.0
1040136978,аэропорт 1 1,1.0
98955062384,прием стеклотары,0.0
137874732070,Доставка - Бесплатно,1.0
148338290930,почасовой отель,0.0
1003954570,Наркологическая клиника,1.0
132395938883,заправка технических газов,0.0
1295716378,где купит утку скутер дешевый,1.0
40726482270,моноблок в челябинске,0.0
82411671122,недорогие кафе в центре,0.1
223306993974,Детская Игровая,1.0
146466628335,стальные двери ульяновск производитель,0.0
243778881781,Арт. 240-003,0.0
214963218755,ремонт,1.0
11522662047,петарды и салют на 2022,0.0
118214891719,китайский ресторан в москве лучший,1.0
1086542438,жд коледж,0.0
99314284282,верное почтовое отделение,1.0
1695986828,Пельменная,0.1
72729356697,продажа металла на волхонском шоссе,1.0
1050558046,silky Royal yarnart,1.0
1856232376,мясной ресторан в уфе,0.1
216627695718,Маникюр Уфа,0.0
1079694478,оптека,1.0
30614443092,Мособлеирц,1.0
13350488134,гинекология ейск телефон,0.0
57660294184,Цветочный рынок,1.0
1115446017,как открыть пивной ресторан,0.1
105303460387,тур на маврикий из москвы цены на двоих,0.0
102599725491,сервисный центр рено город москва,0.0
1195247211,jntkm,1.0
215664961353,куда сдать раздельный мусор в спб,0.0
110522808113,рыболовная база,0.0
140951655822,Запчасти,0.1
1066753553,где пообедать в кашире,0.0
185736828208,пиломатериал в красноярске правый берег,0.0
104532252787,круглосуточно магазин,1.0
1485125893,коттеджи отдых,0.0
1382736327,справки,1.0
155134275750,стрижки на средние волосы 2018 женские фото с челкой,1.0
190402409807,гостиница на первомайке рязань,1.0
144433767719,цветы 24 часа,0.0
83167608153,кафе в москве где можно недорого поесть,1.0
1241415305,медсправка на права,1.0
77995847226,ведущие гор. ижевска,0.0
1131796245,украинский ресторан челябинск,0.0
10106328099,баня на дровах,1.0
1135903108,глава республики дагестан адрес почтовый,0.0
1128697624,магазин продукты 24 часа,1.0
1269661130,морской ресторан в москве,1.0
238483768712,центр андрологии гинекологии,0.0
1052143701,казань где поесть национальные блюда недорого отзывы,1.0
66873655572,где поесть в екатеринбурге недорого,1.0
126520616896,круглосуточныи магазин,1.0
1943901319,focus 3,0.0
58749609431,крафтовый бар,0.1
96503031608,недорогие кафе в центре москвы,1.0
192923793982,кардиоцентр,1.0
1008044708,лучший уголовный адвокат москва,0.0
19295547622,канцелярский магазин оптовы,1.0
45221264738,росреестр,1.0
62010927199,все для ванной,1.0
1220866599,Организации по установке сигнализации на машину в городе Ростове-на-Дону,0.0
92107077886,пивной ресторан на рубинштейна,0.1
1248652185,магазин обуви ufa,1.0
1077511589,Ночной клуб без классика,1.0
39256778693,аренда помещений набережные челны,0.0
112500989368,необычные кафе в москве,1.0
1219211886,оф дилер автоваз,1.0
64724448178,ск россии официальный,1.0
139296251009,рынки у метро в москве,0.0
1694434817,ближняя мойка,1.0
226257836135,рирц кто они,1.0
8489110350,работа в аренду,0.0
1079780684,судоходные пассажирские компании санкт-петербурга,0.0
82124013533,литовский бульвар разрешительный отдел,0.0
1371148653,пивной ресторан на 1905 года,0.0
37629036539,недорогие кафе екатеринбург,1.0
1096418718,дач,1.0
173735069068,мерседес 817 в челябинске,0.0
126798057783,музеи мира список,1.0
170336855667,чистка лица,0.0
15672421330,Шиномонтаж дешево,1.0
1068415360,eybdths abykzylbb,1.0
192544750654,Нотариусы силламяе,1.0
1777950976,грузинские рестораны в москве на карте,1.0
40149851802,медскан транспортировка больных,1.0
1027113004,дод тюмень,0.0
1086690949,круглосуточные аптеки,0.0
146594729767,где поесть в ростове великом вкусно и недорого,1.0
1691292060,хундай магазин,1.0
182577995559,разборка mazda 6,1.0
212304730703,автосалон тойота,0.0
1087355628,"дерматологи, венерологи",1.0
1396391776,госу,0.0
180711192800,демонтаж и установка металлического двери с домофоном в подъезд,1.0
207281830717,ремонт инжекторов,0.1
16949156083,ресторан уютный,1.0
222294915462,купить кальян в калуге,0.0
1135173996,биологический музей,0.0
128190542060,маникюр водный стадион тц,0.0
19703708637,Гостиницы сочи и адлер,1.0
197242629442,эротика массаж знакомство в гатчине,1.0
197907915042,какие магазины есть в хабаровске,0.0
1235679357,музеи для мальчиков в санкт-петербурге,0.0
79552680090,Мойка самообслуживания,1.0
129106521343,звезда мишлен рестораны в москве,0.0
1082845177,доставка пиццы санкт-петербург,0.0
1210183326,"стоматологии, стоматологические клиники",1.0
16621755281,лучшие рыбные рестораны москвы рейтинг 2016,1.0
87505003619,сро что же из питера,0.0
85790710999,почта россии распечатать уведомление,1.0
53056432950,вторая школа,0.0
100260019762,вегетарианский бургер,0.0
226535702807,адвокат по семейным делам москва,0.0
238158064462,ресторан грузинской кухни,1.0
1136357199,где в Борисове сделать дыхательный тест на халибактор пилори,0.0
168696302510,клиника а,1.0
95931131857,хрустальная ваза,0.0
164734982290,масло в акпп саньенг актион нев дизель купить в ростове на дону,0.0
220740504257,рыболовные базы в ленинградской области,0.0
1548598887,верховный суд,1.0
177057281937,ремонт бытовой техники в артеме приморского края,0.0
208698761635,хоккейная форма купить,0.0
37048324855,селижарово магазины бензоинструментов,0.0
43842289008,купить гриль для кур карусельный в кирове,0.0
1609533549,проектная,1.0
1331263504,где поесть крабов в москве недорого,1.0
39401369994,волков алексей станиславович удаление бородавок где принимает,0.0
74001593149,кофейни москвы недорогие,1.0
1052189545,школа корпус 1,0.0
151287129853,где вкусно и недорого поесть в санкт-петербурге,1.0
167434681255,Сервисный центр Xiaomi,1.0
119544009551,магазин в лапландии в кемерово,0.0
1051704738,центральный рынок,1.0
1258503529,можно заказать загранпаспорт в ЕРКЦ,0.0
165343517868,пивные рестораны москвы на карте метро,0.1
77581144495,метрология и поверка,1.0
55263255415,Дом,1.0
138693302088,Тату,0.0
70691680125,сэксшоп,1.0
1012831515,баллончики с бытовым газом,1.0
10802254380,кафе с детьми в москве,0.0
1045901317,фнс россии официальный сайт,1.0
1073643684,"49.052771,45.569064(Ваше почтовое отделение)",1.0
1015925758,семейные курсы изучения английского,1.0
95058531035,воздушные шары,1.0
224411596057,шиномонтаж 24 часа,1.0
42663730918,металаломи,1.0
1784290946,ближайшая самомойка,0.0
1718855203,где поесть дешево в питере,1.0
203798954003,рестораны с вегетарианским меню,1.0
200420450379,Алкомагазин,1.0
1371894208,мурманск где поесть вкусно и недорого,1.0
16949156083,корейский ресторан ломоносовский проспект 29,1.0
1311673128,пивной ресторан с детской комнатой,0.0
1207919337,Водительская медкомиссия,0.0
1028734821,отдых оренбургская обл,1.0
26452968495,частная массажистка бутово,0.0
111304027173,необычные бары в москве,1.0
1370213761,пивные рестораны москвы на карте метро,1.0
1162058502,газовая заправка,0.0
1014698362,дом молодежи,1.0
167752325835,кафе в москве вкусно и недорого,1.0
126809720097,тюнинг шевроле круз седан черный,0.0
1006170377,www.pochta.ru,1.0
171666599398,lexus gs ремонт,1.0
1171608693,Ателье по пошиву и ремонту одежды,1.0
1059520472,сколько нужно на 2билета и на 1детский в город профессии в спб,0.0
1027950995,pjjgfhr,1.0
127427986289,где поесть в питере вкусно и недорого 2017,1.0
90327148747,ремонт грузовых автомобилей,0.0
162072893647,аптека на ул комсомольской купит ваксина,0.0
1623373867,магазин продукты 24 часа,1.0
1807464041,для телефона,1.0
1002541585,Солярий,0.0
166945943871,кафе для завтрака,1.0
152887088903,Экспертиза достоверности сметной,0.0
211016878377,музей секса,1.0
197601884935,пропан агзс,0.0
1045835837,вычислительные системы и сервис,0.0
186701491739,тхэквондо для детей,1.0
112500989368,где в рязани поесть лобстера,0.0
52814621825,салоны красоты район новые черемушки,0.0
1339850053,недвижимость в ивановоленинскит раион,0.0
1227495126,"Почта Банк, отделения",1.0
161617633458,физкультурно оздоровительный комплекс,0.0
1093293189,Железнодорожная больница,1.0
142158284602,офрмление шарами алтуфьево,1.0
40131349834,суши бары в костроме,1.0
1063284851,Средство для расчесывания собак,0.0
1828314165,рестораны стейк,1.0
111283855967,номер телефона шлифовального цеха,0.0
99625615682,инглезина,0.0
1034507844,медицинский прибор для позвоночника,0.0
59253029896,прокалывание ушей несколько дырок,1.0
30595005819,Комнаты,0.0
1776981793,паста пицца ресторан,0.0
69462563765,бомбер v12,0.0
111410447465,дешевое кафе в москве,0.1
205172954304,самые уютные кафе в москве,1.0
1212388641,Магазин алкогольных напитков,1.0
55275738535,салат лиза,0.0
212001372697,дом молодежи,1.0
192676332631,хорошие и недорогие кафе в казани,1.0
1049430554,итальянские рестораны в москве рейтинг самые лучшие,1.0
3119608168,гей бар питер,0.0
108552603893,пообедать,1.0
1565953852,снять квартиру на длительный срок в городе с мебелью,1.0
63527592324,приемка металлов,1.0
211260316324,Областная детская больница,0.1
1380663136,школа шахмат,1.0
190271672400,Изделия из дерева,1.0
236265940482,суши кафе москва,1.0
22994004979,суши новосибирск рядом со мной,0.0
1012072929,музеи мира список,1.0
105890025760,аукцион продажи машин со штрафстоянок в москве-,0.0
234619985554,центр москва,0.0
1240514810,салон оптики яндекс ,1.0
85682043062,ремонт айфонов,1.0
1096710120,город аксай натариус,1.0
134092812058,хачапури и хинкали на 2 советской,0.0
1001184998,ветеринарная,1.0
1126768096,пицца екатеринбург,1.0
1298406291,узи органов малого таза цена,1.0
4477304691,магазин аквариумных рыб челябинск,0.0
1314337718,фабрика детской одежды производство вакансии,0.0
1082359532,администрация управления делами президента рф официальный сайт,0.0
99264393201,суши бары в костроме,0.1
1017030981,туббольница,1.0
1161535393,купить шины в мурманске в кредит,0.0
1107193316,автомойка,1.0
1061556568,опытная станция,1.0
4105977784,татарский ресторан,0.0
1683398565,ламинирование ресниц до после фото,1.0
17503530293,ваз 2114 с автоматом с завода,0.0
112664389633,ближайший пивной бар ,1.0
99086951804,ресторан с живой музыкой в центре москвы уютно недорого,1.0
1400331773,эконом такси,1.0
118258525038,банкомат мир,1.0
1374647249,дорогие рестораны москвы,0.0
28301500892,эскимо,1.0
1058284977,официальный сайт наркоконтроля,1.0
1065679316,наб челны автозапчасти стяжки пружин,0.0
44297381393,помощь в получении кредита,1.0
1002301330,ткацкая фабрика,1.0
217785650307,где недорого поесть в центре санкт-петербурга,1.0
1106710277,склад со спецодеждой,1.0
1079340784,больница ржд,1.0
1718767721,наращивание ресниц на пулковском шоссе,0.0
1072593103,заведующие детских садов п. тульский майкопский район,1.0
184429242458,тампопечать,0.0
1223387426,реабилитационные центры после травм ног се,0.0
112070411070,яндекс станция купить москва,0.0
1546949350,частные сады приморского района,0.0
3422373513,стейки екатеринбург рестораны,1.0
125572264125,Ремонт очков,1.0
1325192770,интересные кафе в москве,1.0
58629988910,Организации по установке сигнализации на машину в городе Ростове-на-Дону,0.0
233229667813,"Долгит, крем 5% 50 г",1.0
237804371596,курсы предпринимательства для детей,0.0
31615398444,уз газойл,1.0
1246708985,пивной ресторан рейтинг,0.1
1067258106,топ суши баров москвы,1.0
228390461577,газовые заправки метан челябинск,0.0
1313333988,купить шаурму рядом,0.0
127427986289,фастфуд,1.0
1227135267,новый мясной ресторан,1.0
1661632663,илийский район грэс квартиры аренду,1.0
116291900919,ресторан суши тула,0.1
115108111115,строй рынок,1.0
194848730838,школы танца для детей одинцово,0.0
1231546834,вытяжка позвоночника при грыже отзывы,0.0
177543618534,сербские рестораны в санкт-петербурге,0.0
126523788247,утилизация шин в спб,0.0
99093166333,футбол для подростков в нижнем новгороде,0.0
1012768763,рынок урюк,0.0
190997544949,недорогие кафе в питере на невском,1.0
1187581796,упаковка подарков,1.0
173472577347,Почта России,1.0
1307645969,садовые центры и питомники в казани,0.0
1060052225,жд сайт,1.0
1184279966,кафе греческой кухни,0.0
55884707174,ремонт,1.0
1194126668,пивные рестораны москвы на карте,1.0
1041461271,жд вокзал гостиница,1.0
244474102223,прозаправка,0.0
23926927839,где поесть 24 часа,0.1
92788167054,конторы где дают фрибет без депозита,1.0
8153592904,бурение скважин орск авито,0.0
1011085560,ремонт техники бош в заельцовском районе,0.0
60868494737,Массаж,1.0
1077687327,Кузовной ремонт,1.0
69489052390,Банк,1.0
85484338118,натариус,1.0
210821191889,суши бар симферополь,1.0
166206255821,рейтинг суши ресторанов,0.1
1012469197,японская кухня,1.0
1374647249,панорамные рестораны москвы,1.0
1122818101,стоматолог,1.0
2451328325,"Рынок оптовых и розничных поставок труб, листа, арматуры",0.0
199944215486,кафе в новосибирске недорого,1.0
16120528684,чехлы на автомобильные сидения по марке автомобиля,0.0
1749797460,грузинский ресторан арбат,0.0
15835406658,пивной ресторан на варшавке,1.0
243995462350,рыбные рестораны в самаре,0.1
143934578704,куда сдать игрушки для детского дома,0.0
1073970010,недорогие итальянские рестораны в москве,1.0
21206397947,эластометрия печени королев,0.0
1131160963,азс пропан ,0.0
1159422642,рестораны морской кухни в спб,1.0
1287884090,одежда для беременных метро автозаводская,1.0
167686678302,дом профессий для детей москва,0.0
227661519574,Администрации городские,1.0
1295008937,шатер для свадьбы,0.0
227610497218,обменный пункт в москве 24 часа,0.0
1363163337,закачать краску в баллончик спб,0.0
80029512199,стомотолог ,1.0
30268944929,таврический дворец в санкт-петербурге нотариусы,0.0
234060395889,мех обработка,0.0
53298711519,магазин радиотехника,1.0
25088917665,кафе перми с настольными играми,0.0
1099329091,ресторан с мишленовскими звездами,1.0
11701808759,замена салонного фильтра рено каптур 1.6,0.0
223941953317,Иркутск заказ пластиковых окон,1.0
1054038358,бизнес ланч рядом,1.0
1253417989,женские трусы,1.0
51234710564,"Флюкостат, капсулы 150 мг",1.0
153963578025,гинекология на ольги жилиной новосибирск,0.0
114946744336,линзы акувью оазис,1.0
37098848122,где отметить новогоднюю ночь 2018 список ресторанов,1.0
157160430105,articulate крем для суставов как купить у производителя,0.0
174683922550,где поесть на невском проспекте недорого,1.0
18058388757,минздрав перечень перинатальный центр,1.0
195122409314,где можно снять деньги с карты кредитной тинькофф банка во владивостоке,1.0
98373921342,кальяны магазин,0.0
1188342104,бассейн надувной купить Интекс купить в Екатеринбурге,0.0
115792522762,крупные отели подмосковья,1.0
1151923617,судак рыбный ресторан,1.0
84077609184,вузы санкт-петербурга с низкими проходными баллами на бюджет 2019,0.0
1861089015,рыбокомплекс,1.0
1768018961,где в спб можно сделать загранпаспорт нового образца,0.0
216380754315,туры на новый год 2018 куда поехать недорого,1.0
90028108183,неомид для строительных лесов,0.0
166053831070,где вкусно и недорого поесть в москве в центре,1.0
236976975812,наращивание ресниц,1.0
1092798483,Страховой магазин,1.0
1146773851,фгдс под наркозом,1.0
142948404966,где недорого поесть в парке горького,1.0
109673025161,игры,1.0
1737991898,домашний интернет в курске что подключить отзывы и цены,0.0
147783493467,гостиница волгодонск сауна номер телефона,0.0
133671701112,итальянская пиццерия в санкт-петербурге,1.0
88097122796,футбол для подростков в нижнем новгороде,0.0
